{
  "threshold": 0.22409910873228298,
  "metrics": {
    "pr_auc": 0.18796255347656246,
    "roc_auc": 0.5754552279623504,
    "log_loss": 0.2745020306220713,
    "precision": 0.75,
    "recall": 0.08755760368663594,
    "f1": 0.15680880330123795,
    "false_positive_rate": 0.0025309710936459303,
    "false_negative_rate": 0.9124423963133641,
    "true_positives": 57.0,
    "false_positives": 19.0,
    "true_negatives": 7488.0,
    "false_negatives": 594.0,
    "precision_at_100": 0.65,
    "precision_at_500": 0.23,
    "precision_at_1000": 0.149
  }
}